id_cliente,nombre,email,telefono,direccion
705,Carlos Angulo Ramírez,marylopez@example.org,(+57)3297596547,"Cl. 185 # 44-2
417962
Pital, Huila"
429,Viviana Ospina,correo_invalido.com,2148586,"Carrera 55 # 81-7 Sur
184935
La Montañita, Caquetá"
899,Antonio Hernández Jiménez,marthamelo@example.net,+57 312 819 02 58,"Tr. 157I # 66-6 Sur
851534
Sácama, Casanare"
88,Héctor Andrés Silva Jiménez,ernesto57@example.net,01 8008 961 548,"Calle 4 Sur # 1-62
Bodega 605
860276
Colón, Putumayo"
323,Viviana Cortés Quintero,santiago29@example.org,57 306 188 90 52,"Carrera 85 # 59-56 Sur
Oficina 380
529789
Policarpa, Nariño"
